model_name,valid_data,accuracy_score,f1_score
svc,train,0.9427762039660057,0.9459494673235702
lr,train,0.9801699716713881,0.9814912092737466
knn,train,0.9427762039660057,0.9639972340274748
gbc,train,0.9807365439093484,0.9824304854722493
xgb,train,0.9875354107648725,0.9884062471647552
